<BVS_DATA_REQUEST type="BVS ON-DEMAND REQUEST" from="BBTM5" imo="9623788" product="TZ" shipname="GUANGTONG3" bvs="7.1.0.4" decoder="1.0.2.17" broadbandRate="60" machineid="JFJQWFT">
</SCHEDULES>
   <DATE start=2024/01/14 freq=1/>
<RUNS/>
<WEATHER forecast=7 interval="H3" ulat="42" llat="-10" llon="77" rlon="142" piracyhistory="30">
   <CURRENT>1<CURRENT>
   <HEIGHT_500>1<HEIGHT_500>
   <HUMIDITY>1<HUMIDITY>
   <PRESSURE>1<PRESSURE>
   <SEAS>1<SEAS>
   <SST>1<SST>
   <SWELL>1<SWELL>
   <TEMPERATURE>1<TEMPERATURE>
   <VISIBILITY>1<VISIBILITY>
   <WAVE>1<WAVE>
   <WIND>1<WIND>
   <WXTYPE>1<WXTYPE>
</WEATHER>
</BVS_DATA_REQUEST>>/BVS_DATA_REQUEST>